{"pitch": [-2.139745920369519, 5.429964507576749, 207.13270497412188, 45.94332688496263], "energy": [-1.4388008117675781, 7.0926690101623535, 21.00042578561715, 14.546047846837276]}